price,price_usd,currency,country,lat,lon,area_m2,property_type,city,yr,month,date
15200000.0,471200.0,TWD,Taiwan,25.084986856612044,121.59235326882595,48.33,,Taipei,2024.0,7.0,2024-07-01
1400000.0,43400.0,TWD,Taiwan,25.025446942795316,121.54512396747094,4.859999999999999,,Taipei,2024.0,2.0,2024-02-01
300000.0,9300.0,TWD,Taiwan,25.033590754152403,121.56950920192072,,,Taipei,2024.0,5.0,2024-05-01
11197500.0,347122.5,TWD,Taiwan,25.09909211942563,121.52416751099858,,,Taipei,2024.0,8.0,2024-08-01
812500.0,25187.5,TWD,Taiwan,25.025063386501106,121.54202799626137,,,Taipei,2024.0,8.0,2024-08-01
8600000.0,266600.0,TWD,Taiwan,25.063063452172205,121.52964254097222,50.22,,Taipei,2024.0,3.0,2024-03-01
2400000.0,74400.0,TWD,Taiwan,25.032316851262028,121.54739840838808,20.75,,Taipei,2024.0,7.0,2024-07-01
1683150.0,52177.65,TWD,Taiwan,25.08606973891661,121.59142806194386,,,Taipei,2024.0,3.0,2024-03-01
670000.0,20770.0,TWD,Taiwan,25.06212210245626,121.52922836161895,13.18,,Taipei,2024.0,6.0,2024-06-01
2600000.0,80600.0,TWD,Taiwan,25.065170240174343,121.51659839950173,38.92,,Taipei,2024.0,6.0,2024-06-01
532500.0,16507.5,TWD,Taiwan,25.04814632922875,121.55922919808351,,,Taipei,2024.0,3.0,2024-03-01
2300000.0,71300.0,TWD,Taiwan,25.032137080985716,121.50125144847536,25.94,,Taipei,2024.0,7.0,2024-07-01
1340000.0,41540.0,TWD,Taiwan,25.064967849086266,121.5345185153677,26.37,,Taipei,2024.0,3.0,2024-03-01
1950000.0,60450.0,TWD,Taiwan,25.023346879021368,121.56868401995631,26.5,,Taipei,2024.0,8.0,2024-08-01
12800000.0,396800.0,TWD,Taiwan,25.025100328669946,121.51475927583921,81.81,,Taipei,2024.0,10.0,2024-10-01
6200000.0,192200.0,TWD,Taiwan,24.986750849883038,121.57298917442048,,,Taipei,2024.0,4.0,2024-04-01
46600000.0,1444600.0,TWD,Taiwan,25.02994867551866,121.50044148106174,236.61,,Taipei,2024.0,1.0,2024-01-01
40000000.0,1240000.0,TWD,Taiwan,25.08425698933038,121.58991639362415,352.5,,Taipei,2024.0,4.0,2024-04-01
6604080.0,204726.48,TWD,Taiwan,25.128367903697917,121.50046930953323,,,Taipei,2024.0,7.0,2024-07-01
21476000.0,665756.0,TWD,Taiwan,25.02635078519466,121.52211065958315,99.09,,Taipei,2024.0,11.0,2024-11-01
3336500.0,103431.5,TWD,Taiwan,25.068862595075686,121.51063371444467,,,Taipei,2024.0,4.0,2024-04-01
5800000.0,179800.0,TWD,Taiwan,25.062096894798053,121.51518838952468,61.39,,Taipei,2024.0,6.0,2024-06-01
2700000.0,83700.0,TWD,Taiwan,25.03227011281875,121.51619122939026,41.42,,Taipei,2024.0,9.0,2024-09-01
5960000.0,184760.0,TWD,Taiwan,25.058301007255146,121.53112927518708,39.75,,Taipei,2024.0,1.0,2024-01-01
24000000.0,744000.0,TWD,Taiwan,25.028822469101897,121.57639510740795,73.87,,Taipei,2024.0,5.0,2024-05-01
54160000.0,1678960.0,TWD,Taiwan,25.05544369035884,121.60930166539595,222.21,,Taipei,2024.0,11.0,2024-11-01
9000000.0,279000.0,TWD,Taiwan,25.127396025690313,121.503254038544,49.77,,Taipei,2024.0,7.0,2024-07-01
2070000.0,64170.0,TWD,Taiwan,25.08450279207338,121.59522191522862,,,Taipei,2024.0,1.0,2024-01-01
15000000.0,465000.0,TWD,Taiwan,25.061597445240324,121.53208401536652,79.24,,Taipei,2024.0,4.0,2024-04-01
1820750.0,56443.25,TWD,Taiwan,25.091833225000826,121.52772781188519,,,Taipei,2024.0,6.0,2024-06-01
2300000.0,71300.0,TWD,Taiwan,25.06159317355108,121.53075893297363,,,Taipei,2024.0,2.0,2024-02-01
6000000.0,186000.0,TWD,Taiwan,25.033409112738035,121.54529666540995,25.78,,Taipei,2024.0,10.0,2024-10-01
19000000.0,589000.0,TWD,Taiwan,25.082946011101047,121.58947942778254,106.08,,Taipei,2024.0,5.0,2024-05-01
2650000.0,82150.0,TWD,Taiwan,25.026769156284175,121.57238798385997,32.68000000000001,,Taipei,2024.0,11.0,2024-11-01
7100000.0,220100.0,TWD,Taiwan,25.096290179648413,121.52738062810175,26.91,,Taipei,2024.0,10.0,2024-10-01
9438833.0,292603.823,TWD,Taiwan,25.088116625400115,121.52172711726708,,,Taipei,2024.0,1.0,2024-01-01
1530760.0,47453.56,TWD,Taiwan,25.02683545438002,121.55236954910274,,,Taipei,2024.0,6.0,2024-06-01
650000.0,20150.0,TWD,Taiwan,24.98116131950448,121.565975930474,18.18,,Taipei,2024.0,6.0,2024-06-01
20880000.0,647280.0,TWD,Taiwan,25.077687255804406,121.58514324554885,83.22,,Taipei,2024.0,4.0,2024-04-01
20000000.0,620000.0,TWD,Taiwan,25.050787444943477,121.56263244349401,96.52,,Taipei,2024.0,8.0,2024-08-01
18500000.0,573500.0,TWD,Taiwan,25.09595386631998,121.52816665077586,,,Taipei,2024.0,4.0,2024-04-01
5343600.0,165651.6,TWD,Taiwan,25.132685473124763,121.5024964792682,113.4,,Taipei,2024.0,8.0,2024-08-01
5512427.0,170885.237,TWD,Taiwan,25.13153740687045,121.50251338203705,,,Taipei,2024.0,8.0,2024-08-01
4989867.0,154685.877,TWD,Taiwan,25.130795585217644,121.49995101290861,,,Taipei,2024.0,5.0,2024-05-01
2500000.0,77500.0,TWD,Taiwan,25.07708591203853,121.58641098251405,34.53,,Taipei,2024.0,4.0,2024-04-01
58600000.0,1816600.0,TWD,Taiwan,25.04712062316642,121.55830321823278,211.53,,Taipei,2024.0,12.0,2024-12-01
2880000.0,89280.0,TWD,Taiwan,25.03015744491616,121.51429135315395,40.97,,Taipei,2024.0,2.0,2024-02-01
695000.0,21545.0,TWD,Taiwan,24.993228488904876,121.57390047893367,,,Taipei,2024.0,11.0,2024-11-01
11300000.0,350300.0,TWD,Taiwan,25.084374473158274,121.589411770474,46.59,,Taipei,2024.0,3.0,2024-03-01
3200000.0,99200.0,TWD,Taiwan,25.085947839378548,121.52169801121283,52.47,,Taipei,2024.0,3.0,2024-03-01
400000.0,12400.0,TWD,Taiwan,24.99029633587758,121.56871445663339,,,Taipei,2024.0,4.0,2024-04-01
7600000.0,235600.0,TWD,Taiwan,25.030459670878336,121.5186517258171,32.58,,Taipei,2024.0,4.0,2024-04-01
1100000.0,34100.0,TWD,Taiwan,25.080292311998775,121.58774510178878,24.98,,Taipei,2024.0,10.0,2024-10-01
2700000.0,83700.0,TWD,Taiwan,25.085446705155363,121.58671111841774,36.63,,Taipei,2024.0,11.0,2024-11-01
330897800.0,10257831.8,TWD,Taiwan,25.059123998089984,121.60697474884596,,,Taipei,2024.0,11.0,2024-11-01
16880000.0,523280.0,TWD,Taiwan,25.058725120476463,121.60697986628443,50.44,,Taipei,2024.0,5.0,2024-05-01
6625000.0,205375.0,TWD,Taiwan,25.08964312990711,121.52297222729852,,,Taipei,2024.0,4.0,2024-04-01
16200000.0,502200.0,TWD,Taiwan,25.1307631504966,121.49811584677752,84.64,,Taipei,2024.0,11.0,2024-11-01
4635000.0,143685.0,TWD,Taiwan,25.064325053725614,121.51392819974943,,,Taipei,2024.0,10.0,2024-10-01
55800000.0,1729800.0,TWD,Taiwan,25.06790218050849,121.52620766263401,236.52,,Taipei,2024.0,8.0,2024-08-01
292000.0,9052.0,TWD,Taiwan,25.13008330304862,121.49437014490249,,,Taipei,2024.0,6.0,2024-06-01
106400.0,3298.4,TWD,Taiwan,25.131257364093347,121.49712622311499,,,Taipei,2024.0,6.0,2024-06-01
4000000.0,124000.0,TWD,Taiwan,25.127574660103978,121.49914621139315,43.94,,Taipei,2024.0,8.0,2024-08-01
110880.0,3437.28,TWD,Taiwan,24.984215173503678,121.57124363026239,,,Taipei,2024.0,7.0,2024-07-01
7500000.0,232500.0,TWD,Taiwan,25.066250103289576,121.5189014248678,32.879999999999995,,Taipei,2024.0,10.0,2024-10-01
1600000.0,49600.0,TWD,Taiwan,25.069424960114283,121.5354306384928,36.64,,Taipei,2024.0,11.0,2024-11-01
21500000.0,666500.0,TWD,Taiwan,25.082711959513677,121.58936024588014,122.64,,Taipei,2024.0,12.0,2024-12-01
4850000.0,150350.0,TWD,Taiwan,25.087014131591566,121.58992393516839,73.53999999999999,,Taipei,2024.0,10.0,2024-10-01
139833.0,4334.823,TWD,Taiwan,25.08444654410019,121.58598988254145,,,Taipei,2024.0,8.0,2024-08-01
139833.0,4334.823,TWD,Taiwan,25.08041952098158,121.58992594745604,,,Taipei,2024.0,2.0,2024-02-01
262451.0,8135.981,TWD,Taiwan,25.08444558242203,121.58884536544433,,,Taipei,2024.0,9.0,2024-09-01
450000.0,13950.0,TWD,Taiwan,25.089152146265864,121.59129087424135,,,Taipei,2024.0,1.0,2024-01-01
3000000.0,93000.0,TWD,Taiwan,25.03085669584356,121.56869107622579,40.03,,Taipei,2024.0,8.0,2024-08-01
41000000.0,1271000.0,TWD,Taiwan,25.061258574623256,121.60807738605696,158.10000000000002,,Taipei,2024.0,12.0,2024-12-01
33427100.0,1036240.1,TWD,Taiwan,25.121521019583643,121.50613095565201,,,Taipei,2024.0,11.0,2024-11-01
9200000.0,285200.0,TWD,Taiwan,25.135287610017503,121.49956495940617,88.86,,Taipei,2024.0,12.0,2024-12-01
33680000.0,1044080.0,TWD,Taiwan,25.02634818827295,121.54560684688839,109.58,,Taipei,2024.0,12.0,2024-12-01
15000000.0,465000.0,TWD,Taiwan,25.061803970598135,121.51576057596685,58.74,,Taipei,2024.0,4.0,2024-04-01
23200000.0,719200.0,TWD,Taiwan,25.06436704310614,121.53039511811245,145.25,,Taipei,2024.0,4.0,2024-04-01
16200000.0,502200.0,TWD,Taiwan,25.0420497243416,121.55889636992725,34.05,,Taipei,2024.0,5.0,2024-05-01
13500000.0,418500.0,TWD,Taiwan,25.131121312448652,121.50005036960313,106.3,,Taipei,2024.0,8.0,2024-08-01
1750000.0,54250.0,TWD,Taiwan,25.033428450286046,121.51739070439419,18.28,,Taipei,2024.0,5.0,2024-05-01
17500000.0,542500.0,TWD,Taiwan,25.039911576178966,121.49490796086458,109.96,,Taipei,2024.0,8.0,2024-08-01
1900000.0,58900.0,TWD,Taiwan,25.080926919126902,121.59009804069704,40.0,,Taipei,2024.0,10.0,2024-10-01
808000.0,25048.0,TWD,Taiwan,25.079766025588427,121.59199199316498,,,Taipei,2024.0,1.0,2024-01-01
10700000.0,331700.0,TWD,Taiwan,25.061992971825664,121.53780457443118,38.25,,Taipei,2024.0,12.0,2024-12-01
1600000.0,49600.0,TWD,Taiwan,25.067661608470807,121.53583708330434,8.6,,Taipei,2024.0,10.0,2024-10-01
3700000.0,114700.0,TWD,Taiwan,25.05131500443864,121.56661272983006,47.96,,Taipei,2024.0,9.0,2024-09-01
42000000.0,1302000.0,TWD,Taiwan,25.052880959184932,121.60293060974844,162.03,,Taipei,2024.0,6.0,2024-06-01
2300000.0,71300.0,TWD,Taiwan,25.052053069732455,121.56148928254689,35.22,,Taipei,2024.0,3.0,2024-03-01
12705000.0,393855.0,TWD,Taiwan,25.09338831019739,121.52573336802296,62.04,,Taipei,2024.0,8.0,2024-08-01
61000000.0,1891000.0,TWD,Taiwan,25.135874579962135,121.50875921173287,216.63,,Taipei,2024.0,9.0,2024-09-01
300000.0,9300.0,TWD,Taiwan,25.03119178762449,121.49476680685858,,,Taipei,2024.0,6.0,2024-06-01
2800000.0,86800.0,TWD,Taiwan,25.06268935141361,121.52864111263128,16.59,,Taipei,2024.0,11.0,2024-11-01
1890000.0,58590.0,TWD,Taiwan,25.03043156738747,121.51460242941822,28.29,,Taipei,2024.0,7.0,2024-07-01
2400000.0,74400.0,TWD,Taiwan,25.126145940207472,121.49150441710276,,,Taipei,2024.0,1.0,2024-01-01
30880000.0,957280.0,TWD,Taiwan,25.035184481108256,121.49589697991328,149.89,,Taipei,2024.0,5.0,2024-05-01
21424000.0,664144.0,TWD,Taiwan,25.06504422108872,121.52896346935378,,,Taipei,2024.0,5.0,2024-05-01
23794000.0,737614.0,TWD,Taiwan,25.06402045382657,121.5326015751459,,,Taipei,2024.0,10.0,2024-10-01
2000000.0,62000.0,TWD,Taiwan,25.031061651466498,121.51836702390311,14.77,,Taipei,2024.0,4.0,2024-04-01
12449000.0,385919.0,TWD,Taiwan,25.0493385170318,121.61350468335687,,,Taipei,2024.0,6.0,2024-06-01
700000.0,21700.0,TWD,Taiwan,25.02431741870894,121.54780169535275,,,Taipei,2024.0,7.0,2024-07-01
288585.0,8946.135,TWD,Taiwan,25.053629141933893,121.60369238537734,,,Taipei,2024.0,9.0,2024-09-01
20000000.0,620000.0,TWD,Taiwan,25.046790890923113,121.55440634131462,79.7,,Taipei,2024.0,1.0,2024-01-01
5080800.0,157504.8,TWD,Taiwan,25.033354857153334,121.49996767668603,,,Taipei,2024.0,6.0,2024-06-01
12000000.0,372000.0,TWD,Taiwan,25.065616203427258,121.52671906717191,52.94,,Taipei,2024.0,7.0,2024-07-01
3300000.0,102300.0,TWD,Taiwan,25.071544743604843,121.53932583506341,33.22,,Taipei,2024.0,3.0,2024-03-01
2000000.0,62000.0,TWD,Taiwan,25.064698311251327,121.53671776048289,30.79,,Taipei,2024.0,8.0,2024-08-01
486812.0,15091.172,TWD,Taiwan,25.05103020156289,121.5561232973916,,,Taipei,2024.0,5.0,2024-05-01
67000000.0,2077000.0,TWD,Taiwan,25.092702216336935,121.51814746188364,,,Taipei,2024.0,9.0,2024-09-01
2950000.0,91450.0,TWD,Taiwan,25.085324915138806,121.53041548949666,36.830000000000005,,Taipei,2024.0,5.0,2024-05-01
7330000.0,227230.0,TWD,Taiwan,25.092893944498204,121.524541840619,58.48,,Taipei,2024.0,9.0,2024-09-01
668400.0,20720.4,TWD,Taiwan,25.026240920839765,121.5489512652479,,,Taipei,2024.0,10.0,2024-10-01
12994688.0,402835.328,TWD,Taiwan,25.03585296844994,121.53762228936482,,,Taipei,2024.0,4.0,2024-04-01
1050000.0,32550.0,TWD,Taiwan,25.025230556140876,121.54160249990818,17.69,,Taipei,2024.0,9.0,2024-09-01
277500.0,8602.5,TWD,Taiwan,24.990206189369335,121.57002097479887,,,Taipei,2024.0,5.0,2024-05-01
277500.0,8602.5,TWD,Taiwan,24.98886115292118,121.57018792237506,,,Taipei,2024.0,10.0,2024-10-01
277500.0,8602.5,TWD,Taiwan,24.984325287849522,121.56819973811407,,,Taipei,2024.0,9.0,2024-09-01
277500.0,8602.5,TWD,Taiwan,24.99357129125806,121.57249139972939,,,Taipei,2024.0,3.0,2024-03-01
139000.0,4309.0,TWD,Taiwan,24.992007732130748,121.56572951828247,,,Taipei,2024.0,4.0,2024-04-01
139000.0,4309.0,TWD,Taiwan,24.992164127788172,121.56943048205991,,,Taipei,2024.0,9.0,2024-09-01
19540481.0,605754.911,TWD,Taiwan,25.07936245018082,121.59048118252686,,,Taipei,2024.0,10.0,2024-10-01
3908096.0,121150.976,TWD,Taiwan,25.08861117724374,121.59205775533624,,,Taipei,2024.0,11.0,2024-11-01
3908096.0,121150.976,TWD,Taiwan,25.07739259574883,121.59284645951236,,,Taipei,2024.0,6.0,2024-06-01
619954.0,19218.574,TWD,Taiwan,25.0853474283752,121.58550143163265,,,Taipei,2024.0,2.0,2024-02-01
51332448.0,1591305.888,TWD,Taiwan,25.091761822503237,121.58386354331707,,,Taipei,2024.0,7.0,2024-07-01
3908096.0,121150.976,TWD,Taiwan,25.079037854699475,121.5951107072876,,,Taipei,2024.0,2.0,2024-02-01
684600.0,21222.6,TWD,Taiwan,25.09073480908159,121.52632925604793,,,Taipei,2024.0,11.0,2024-11-01
133308.0,4132.548,TWD,Taiwan,25.09339860546035,121.52200605385379,,,Taipei,2024.0,2.0,2024-02-01
210240.0,6517.44,TWD,Taiwan,25.090986097383535,121.5312046079021,,,Taipei,2024.0,11.0,2024-11-01
12994688.0,402835.328,TWD,Taiwan,25.019797346275734,121.54446269853717,,,Taipei,2024.0,1.0,2024-01-01
12994688.0,402835.328,TWD,Taiwan,25.026274251899224,121.54871718873625,,,Taipei,2024.0,11.0,2024-11-01
8980000.0,278380.0,TWD,Taiwan,25.058750785145094,121.51327007392564,46.65,,Taipei,2024.0,11.0,2024-11-01
1497900.0,46434.9,TWD,Taiwan,25.033894369722542,121.52524299169953,,,Taipei,2024.0,12.0,2024-12-01
7000000.0,217000.0,TWD,Taiwan,25.059322303063063,121.52002136336978,,,Taipei,2024.0,11.0,2024-11-01
664950.0,20613.45,TWD,Taiwan,25.05619973762007,121.55700414340609,,,Taipei,2024.0,3.0,2024-03-01
236560.0,7333.36,TWD,Taiwan,25.027866986830652,121.57588628380383,,,Taipei,2024.0,6.0,2024-06-01
2002000.0,62062.0,TWD,Taiwan,25.130711753935177,121.50258150379834,,,Taipei,2024.0,8.0,2024-08-01
7500000.0,232500.0,TWD,Taiwan,25.13525406886948,121.50547452623013,55.94,,Taipei,2024.0,9.0,2024-09-01
1000000.0,31000.0,TWD,Taiwan,25.088076542734264,121.52114030615769,,,Taipei,2024.0,7.0,2024-07-01
482300.0,14951.3,TWD,Taiwan,25.026909839738416,121.54674420583999,,,Taipei,2024.0,4.0,2024-04-01
2500000.0,77500.0,TWD,Taiwan,25.06822857101713,121.5172336979474,,,Taipei,2024.0,6.0,2024-06-01
11400000.0,353400.0,TWD,Taiwan,25.024570067061752,121.56496504205431,65.62,,Taipei,2024.0,5.0,2024-05-01
685000.0,21235.0,TWD,Taiwan,25.09373853543413,121.52026696594935,,,Taipei,2024.0,8.0,2024-08-01
525000.0,16275.0,TWD,Taiwan,25.094039531176993,121.51684307128896,,,Taipei,2024.0,1.0,2024-01-01
544500.0,16879.5,TWD,Taiwan,25.06612729148711,121.51192237266223,,,Taipei,2024.0,1.0,2024-01-01
1235000.0,38285.0,TWD,Taiwan,25.059052197156486,121.53487016902318,,,Taipei,2024.0,11.0,2024-11-01
1219752.0,37812.312,TWD,Taiwan,25.058718173547664,121.53800942820838,,,Taipei,2024.0,6.0,2024-06-01
724214.0,22450.634,TWD,Taiwan,25.066087766262466,121.53229637912168,,,Taipei,2024.0,10.0,2024-10-01
18021539.0,558667.709,TWD,Taiwan,25.065187938692933,121.53851446218228,,,Taipei,2024.0,12.0,2024-12-01
10104350.0,313234.85,TWD,Taiwan,25.065001971401383,121.52647959416714,129.34,,Taipei,2024.0,2.0,2024-02-01
17066000.0,529046.0,TWD,Taiwan,25.051385792837987,121.55118647024258,70.21000000000001,,Taipei,2024.0,5.0,2024-05-01
12449000.0,385919.0,TWD,Taiwan,25.052279901113685,121.60577780920441,,,Taipei,2024.0,1.0,2024-01-01
12449000.0,385919.0,TWD,Taiwan,25.055929014788642,121.60753626179576,,,Taipei,2024.0,7.0,2024-07-01
11360000.0,352160.0,TWD,Taiwan,25.035172289893193,121.49786922100763,67.84,,Taipei,2024.0,1.0,2024-01-01
2200000.0,68200.0,TWD,Taiwan,25.080142594327892,121.58173023159985,36.69,,Taipei,2024.0,4.0,2024-04-01
400000.0,12400.0,TWD,Taiwan,25.05746309804458,121.55764351984196,,,Taipei,2024.0,9.0,2024-09-01
38880000.0,1205280.0,TWD,Taiwan,25.13389533168365,121.49478212199799,270.04,,Taipei,2024.0,1.0,2024-01-01
1023194.0,31719.014,TWD,Taiwan,25.026234786011187,121.57467869019533,,,Taipei,2024.0,4.0,2024-04-01
3887400.0,120509.4,TWD,Taiwan,25.033626214434534,121.57346639298439,,,Taipei,2024.0,6.0,2024-06-01
333450.0,10336.95,TWD,Taiwan,25.02710127331909,121.5682404808547,,,Taipei,2024.0,6.0,2024-06-01
14000000.0,434000.0,TWD,Taiwan,24.99214833841497,121.56794453233064,99.62,,Taipei,2024.0,12.0,2024-12-01
950000.0,29450.0,TWD,Taiwan,25.06863438231603,121.52776314591244,20.040000000000003,,Taipei,2024.0,8.0,2024-08-01
112000000.0,3472000.0,TWD,Taiwan,25.02871727072659,121.5167492836109,444.6,,Taipei,2024.0,1.0,2024-01-01
12500000.0,387500.0,TWD,Taiwan,25.066853504516978,121.516820569282,40.75,,Taipei,2024.0,7.0,2024-07-01
30000000.0,930000.0,TWD,Taiwan,25.033651123707745,121.51305709581466,129.5,,Taipei,2024.0,1.0,2024-01-01
1200000.0,37200.0,TWD,Taiwan,25.037288240639977,121.50001618606207,19.57,,Taipei,2024.0,7.0,2024-07-01
4500000.0,139500.0,TWD,Taiwan,25.090587171930615,121.58787896952651,92.01,,Taipei,2024.0,3.0,2024-03-01
4500000.0,139500.0,TWD,Taiwan,25.082018447535987,121.58682850867095,92.01,,Taipei,2024.0,11.0,2024-11-01
726600.0,22524.6,TWD,Taiwan,25.02798505534257,121.57157187856018,,,Taipei,2024.0,8.0,2024-08-01
1000000.0,31000.0,TWD,Taiwan,25.027441942281495,121.56785903071032,14.87,,Taipei,2024.0,3.0,2024-03-01
164000000.0,5084000.0,TWD,Taiwan,25.12873675886014,121.49778540277862,198.3,,Taipei,2024.0,1.0,2024-01-01
16000000.0,496000.0,TWD,Taiwan,25.131691593162344,121.49520848842964,97.54,,Taipei,2024.0,8.0,2024-08-01
6000000.0,186000.0,TWD,Taiwan,25.027364607899266,121.55185890053166,39.010000000000005,,Taipei,2024.0,3.0,2024-03-01
3000000.0,93000.0,TWD,Taiwan,25.06410676319732,121.51314105420789,19.39,,Taipei,2024.0,2.0,2024-02-01
950000.0,29450.0,TWD,Taiwan,25.03430873299614,121.56920109796803,,,Taipei,2024.0,1.0,2024-01-01
14707000.0,455917.0,TWD,Taiwan,25.08305200756751,121.59085591964293,,,Taipei,2024.0,3.0,2024-03-01
14500000.0,449500.0,TWD,Taiwan,25.06981413630863,121.53155068780123,49.58,,Taipei,2024.0,2.0,2024-02-01
6000000.0,186000.0,TWD,Taiwan,25.062941372667048,121.53111612160187,36.99,,Taipei,2024.0,2.0,2024-02-01
2050000.0,63550.0,TWD,Taiwan,25.093880676666355,121.59245666680017,49.35,,Taipei,2024.0,6.0,2024-06-01
636900000.0,19743900.0,TWD,Taiwan,25.05750266939106,121.60903003084019,,,Taipei,2024.0,12.0,2024-12-01
2300000.0,71300.0,TWD,Taiwan,25.046571369774334,121.55587799540956,44.99,,Taipei,2024.0,1.0,2024-01-01
8600000.0,266600.0,TWD,Taiwan,25.12771643000776,121.49769672703742,79.0,,Taipei,2024.0,2.0,2024-02-01
16180000.0,501580.0,TWD,Taiwan,25.09492988966097,121.5238997932114,65.44,,Taipei,2024.0,6.0,2024-06-01
6000000.0,186000.0,TWD,Taiwan,25.031106148858697,121.50779231534105,14.35,,Taipei,2024.0,3.0,2024-03-01
19000000.0,589000.0,TWD,Taiwan,25.085856001976367,121.5839392357512,94.8,,Taipei,2024.0,4.0,2024-04-01
2600000.0,80600.0,TWD,Taiwan,25.056892950498295,121.61146749706977,30.8,,Taipei,2024.0,1.0,2024-01-01
16750000.0,519250.0,TWD,Taiwan,25.05470868434937,121.612579870854,79.46000000000001,,Taipei,2024.0,8.0,2024-08-01
7200000.0,223200.0,TWD,Taiwan,25.051612825127727,121.60500385584177,100.81,,Taipei,2024.0,7.0,2024-07-01
13000000.0,403000.0,TWD,Taiwan,25.024940611101254,121.57430622785222,50.48,,Taipei,2024.0,7.0,2024-07-01
16800000.0,520800.0,TWD,Taiwan,25.130213940191734,121.50124500061817,98.49,,Taipei,2024.0,3.0,2024-03-01
680000.0,21080.0,TWD,Taiwan,25.058425595177294,121.61831552323382,24.62,,Taipei,2024.0,10.0,2024-10-01
3300000.0,102300.0,TWD,Taiwan,25.09385637497652,121.52947829964575,17.32,,Taipei,2024.0,10.0,2024-10-01
133200.0,4129.2,TWD,Taiwan,25.021017044885152,121.54348832963407,,,Taipei,2024.0,3.0,2024-03-01
38100000.0,1181100.0,TWD,Taiwan,25.031692723703404,121.5681778382376,99.46,,Taipei,2024.0,2.0,2024-02-01
32800000.0,1016800.0,TWD,Taiwan,25.051541269518918,121.55157421471898,165.43,,Taipei,2024.0,12.0,2024-12-01
9975000.0,309225.0,TWD,Taiwan,24.985464570255196,121.57081385454346,,,Taipei,2024.0,1.0,2024-01-01
1276664.0,39576.584,TWD,Taiwan,25.03461490042378,121.49497459701887,,,Taipei,2024.0,7.0,2024-07-01
18000000.0,558000.0,TWD,Taiwan,25.031232834873784,121.5663109851616,42.57,,Taipei,2024.0,7.0,2024-07-01
634500.0,19669.5,TWD,Taiwan,25.078428118808677,121.58741370846303,,,Taipei,2024.0,12.0,2024-12-01
13200000.0,409200.0,TWD,Taiwan,25.035431149441393,121.49367380798554,72.49000000000001,,Taipei,2024.0,2.0,2024-02-01
19080000.0,591480.0,TWD,Taiwan,25.085243138105472,121.5967485665403,101.89,,Taipei,2024.0,7.0,2024-07-01
4620000.0,143220.0,TWD,Taiwan,25.0673322049727,121.51652655902781,10.56,,Taipei,2024.0,8.0,2024-08-01
6960178.0,215765.518,TWD,Taiwan,25.03521520820814,121.57196810943474,,,Taipei,2024.0,1.0,2024-01-01
6569898.0,203666.838,TWD,Taiwan,25.02548932252817,121.57791977655556,,,Taipei,2024.0,9.0,2024-09-01
9880000.0,306280.0,TWD,Taiwan,25.05924869984034,121.51330947323059,61.900000000000006,,Taipei,2024.0,7.0,2024-07-01
2440000.0,75640.0,TWD,Taiwan,25.036060141068834,121.4945548631947,16.92,,Taipei,2024.0,3.0,2024-03-01
1400000.0,43400.0,TWD,Taiwan,25.05205514380365,121.56409249630909,12.46,,Taipei,2024.0,8.0,2024-08-01
600000.0,18600.0,TWD,Taiwan,25.134060190745224,121.50215564017473,,,Taipei,2024.0,7.0,2024-07-01
12680000.0,393080.0,TWD,Taiwan,25.04141092596262,121.5398510153827,37.56,,Taipei,2024.0,11.0,2024-11-01
11000000.0,341000.0,TWD,Taiwan,24.991283562042774,121.56923864528765,138.06,,Taipei,2024.0,8.0,2024-08-01
500000.0,15500.0,TWD,Taiwan,25.068542262560722,121.52849752698646,20.9,,Taipei,2024.0,6.0,2024-06-01
2450000.0,75950.0,TWD,Taiwan,25.135816007053975,121.49446880107614,13.49,,Taipei,2024.0,9.0,2024-09-01
1050000.0,32550.0,TWD,Taiwan,25.028605565005222,121.54770471019012,9.94,,Taipei,2024.0,5.0,2024-05-01
19200000.0,595200.0,TWD,Taiwan,25.04873892302144,121.56563766656188,82.33,,Taipei,2024.0,3.0,2024-03-01
5890000.0,182590.0,TWD,Taiwan,25.135035876881975,121.49440572970472,31.48,,Taipei,2024.0,3.0,2024-03-01
1300000.0,40300.0,TWD,Taiwan,25.128908699141853,121.50225187694676,,,Taipei,2024.0,1.0,2024-01-01
2100000.0,65100.0,TWD,Taiwan,25.02505272557304,121.5413974297235,19.87,,Taipei,2024.0,12.0,2024-12-01
17000000.0,527000.0,TWD,Taiwan,24.987058545808683,121.56805149846494,91.83,,Taipei,2024.0,8.0,2024-08-01
6000000.0,186000.0,TWD,Taiwan,25.034327496557545,121.49563042430304,,,Taipei,2024.0,2.0,2024-02-01
23300000.0,722300.0,TWD,Taiwan,25.041258634266693,121.51354403692127,81.46,,Taipei,2024.0,3.0,2024-03-01
3600000.0,111600.0,TWD,Taiwan,25.05653093922963,121.53219408651178,39.5,,Taipei,2024.0,8.0,2024-08-01
2101097.0,65134.007,TWD,Taiwan,25.085745040761495,121.58667619953435,,,Taipei,2024.0,8.0,2024-08-01
1447200.0,44863.2,TWD,Taiwan,25.08654913651524,121.52608182730313,,,Taipei,2024.0,11.0,2024-11-01
35000000.0,1085000.0,TWD,Taiwan,25.048112272536844,121.55779904756221,56.67,,Taipei,2024.0,4.0,2024-04-01
12000000.0,372000.0,TWD,Taiwan,24.99335580238787,121.56904420781252,63.25,,Taipei,2024.0,4.0,2024-04-01
3860000.0,119660.0,TWD,Taiwan,25.03425712007638,121.49436974535183,32.92,,Taipei,2024.0,5.0,2024-05-01
10000000.0,310000.0,TWD,Taiwan,25.059689020888282,121.52969291467772,48.9,,Taipei,2024.0,6.0,2024-06-01
4100000.0,127100.0,TWD,Taiwan,25.08013878516296,121.59302156490331,47.13,,Taipei,2024.0,5.0,2024-05-01
2630000.0,81530.0,TWD,Taiwan,25.05271839099574,121.56000366875051,22.95,,Taipei,2024.0,7.0,2024-07-01
5800000.0,179800.0,TWD,Taiwan,25.090078533473132,121.52108977902081,,,Taipei,2024.0,2.0,2024-02-01
3980000.0,123380.0,TWD,Taiwan,25.13286583435833,121.50039732922171,38.23,,Taipei,2024.0,7.0,2024-07-01
1550000.0,48050.0,TWD,Taiwan,25.032182287359614,121.52000554849349,10.0,,Taipei,2024.0,10.0,2024-10-01
4300000.0,133300.0,TWD,Taiwan,25.031393598609576,121.49132237887552,40.35,,Taipei,2024.0,7.0,2024-07-01
2000000.0,62000.0,TWD,Taiwan,25.0915757763573,121.59217344076953,39.05,,Taipei,2024.0,1.0,2024-01-01
1580000.0,48980.0,TWD,Taiwan,25.085535676089272,121.58734950496422,46.92,,Taipei,2024.0,7.0,2024-07-01
1850000.0,57350.0,TWD,Taiwan,25.04189942965337,121.56028239467437,18.0,,Taipei,2024.0,5.0,2024-05-01
30490000.0,945190.0,TWD,Taiwan,25.031745817259075,121.56894696337383,92.88,,Taipei,2024.0,3.0,2024-03-01
5000000.0,155000.0,TWD,Taiwan,25.031352854140927,121.49078047159735,31.18,,Taipei,2024.0,3.0,2024-03-01
6000000.0,186000.0,TWD,Taiwan,25.096409733339186,121.51848983024847,,,Taipei,2024.0,4.0,2024-04-01
1500000.0,46500.0,TWD,Taiwan,25.02282991704627,121.54419233978665,1.19,,Taipei,2024.0,12.0,2024-12-01
2700000.0,83700.0,TWD,Taiwan,24.988541054234133,121.57103889000688,41.16,,Taipei,2024.0,2.0,2024-02-01
3800000.0,117800.0,TWD,Taiwan,25.066019949115923,121.52838273349958,52.29,,Taipei,2024.0,2.0,2024-02-01
2600000.0,80600.0,TWD,Taiwan,25.03446302077668,121.57455436983511,44.65,,Taipei,2024.0,1.0,2024-01-01
26000000.0,806000.0,TWD,Taiwan,25.026198814371774,121.56535391975093,99.57,,Taipei,2024.0,5.0,2024-05-01
44380000.0,1375780.0,TWD,Taiwan,25.029661995056635,121.57173568080542,152.82,,Taipei,2024.0,4.0,2024-04-01
2180000.0,67580.0,TWD,Taiwan,25.053100218755358,121.60115593520095,39.83,,Taipei,2024.0,11.0,2024-11-01
3150000.0,97650.0,TWD,Taiwan,25.090386683069706,121.5223926555688,44.93,,Taipei,2024.0,10.0,2024-10-01
1450000.0,44950.0,TWD,Taiwan,25.070061816961122,121.51318959468527,14.99,,Taipei,2024.0,2.0,2024-02-01
12142000.0,376402.0,TWD,Taiwan,25.064619926843843,121.50955834653887,61.75,,Taipei,2024.0,3.0,2024-03-01
450000.0,13950.0,TWD,Taiwan,25.05795646418266,121.51146177782309,,,Taipei,2024.0,7.0,2024-07-01
2080000.0,64480.0,TWD,Taiwan,25.067671447788218,121.53602517123686,27.41,,Taipei,2024.0,7.0,2024-07-01
12400000.0,384400.0,TWD,Taiwan,25.04048862478805,121.5146924325219,43.21,,Taipei,2024.0,12.0,2024-12-01
11180000.0,346580.0,TWD,Taiwan,25.087129861042204,121.59334276844827,62.59,,Taipei,2024.0,4.0,2024-04-01
38800000.0,1202800.0,TWD,Taiwan,25.076922520136183,121.58548117258137,294.62,,Taipei,2024.0,5.0,2024-05-01
19500000.0,604500.0,TWD,Taiwan,25.029063063708534,121.57411921671167,101.35,,Taipei,2024.0,5.0,2024-05-01
151730.0,4703.63,TWD,Taiwan,24.994067644596747,121.57576627448262,,,Taipei,2024.0,6.0,2024-06-01
11500000.0,356500.0,TWD,Taiwan,25.031169322137522,121.4881134219995,51.23,,Taipei,2024.0,9.0,2024-09-01
17000000.0,527000.0,TWD,Taiwan,25.033775277712586,121.51381241897812,42.77,,Taipei,2024.0,2.0,2024-02-01
30800000.0,954800.0,TWD,Taiwan,25.067098536213717,121.53430828850873,145.37,,Taipei,2024.0,5.0,2024-05-01
28300000.0,877300.0,TWD,Taiwan,25.079292278113687,121.58918781845583,132.07,,Taipei,2024.0,12.0,2024-12-01
16680000.0,517080.0,TWD,Taiwan,25.08276189857575,121.59148458349348,99.54,,Taipei,2024.0,3.0,2024-03-01
10000000.0,310000.0,TWD,Taiwan,25.080034930639723,121.52258405925315,71.63,,Taipei,2024.0,4.0,2024-04-01
31580000.0,978980.0,TWD,Taiwan,25.127902449434664,121.50034635914989,146.09,,Taipei,2024.0,10.0,2024-10-01
4497270.0,139415.37,TWD,Taiwan,25.024989727394427,121.54337729105843,,,Taipei,2024.0,6.0,2024-06-01
13800000.0,427800.0,TWD,Taiwan,25.02100886727214,121.54867112824664,48.06,,Taipei,2024.0,12.0,2024-12-01
20000000.0,620000.0,TWD,Taiwan,25.040529645215724,121.49901768337321,108.28,,Taipei,2024.0,8.0,2024-08-01
61000000.0,1891000.0,TWD,Taiwan,25.057279434488155,121.5143504106483,108.7,,Taipei,2024.0,1.0,2024-01-01
10500000.0,325500.0,TWD,Taiwan,25.06223982205321,121.5303524921355,43.96,,Taipei,2024.0,10.0,2024-10-01
700000.0,21700.0,TWD,Taiwan,25.064522962309145,121.5300495751037,20.9,,Taipei,2024.0,8.0,2024-08-01
27780000.0,861180.0,TWD,Taiwan,25.055765093156264,121.55626976724872,68.28,,Taipei,2024.0,11.0,2024-11-01
21800000.0,675800.0,TWD,Taiwan,25.04925655139528,121.6075778085695,124.1,,Taipei,2024.0,7.0,2024-07-01
21900000.0,678900.0,TWD,Taiwan,25.13665265500862,121.49831606207673,166.17,,Taipei,2024.0,1.0,2024-01-01
5000000.0,155000.0,TWD,Taiwan,24.98904093224408,121.57115909942758,39.39,,Taipei,2024.0,2.0,2024-02-01
28500000.0,883500.0,TWD,Taiwan,24.98507396539581,121.57830160319457,242.6,,Taipei,2024.0,3.0,2024-03-01
28200000.0,874200.0,TWD,Taiwan,25.065848413897054,121.53548449881373,137.79,,Taipei,2024.0,1.0,2024-01-01
13130000.0,407030.0,TWD,Taiwan,25.064796238782293,121.53069590587133,46.81,,Taipei,2024.0,9.0,2024-09-01
10000000.0,310000.0,TWD,Taiwan,25.061599132491367,121.53680485568866,48.44,,Taipei,2024.0,8.0,2024-08-01
11000000.0,341000.0,TWD,Taiwan,25.08327920833996,121.58836769850792,47.85,,Taipei,2024.0,2.0,2024-02-01
21380000.0,662780.0,TWD,Taiwan,25.08145874561255,121.58184750185929,100.42,,Taipei,2024.0,9.0,2024-09-01
58660000.0,1818460.0,TWD,Taiwan,25.055454069381003,121.60196765475632,253.9,,Taipei,2024.0,7.0,2024-07-01
30800000.0,954800.0,TWD,Taiwan,25.052648522698085,121.5505168323159,126.99,,Taipei,2024.0,9.0,2024-09-01
30200000.0,936200.0,TWD,Taiwan,25.056344067264583,121.55659394606384,120.24,,Taipei,2024.0,6.0,2024-06-01
3060000.0,94860.0,TWD,Taiwan,25.02604873800469,121.57207367351675,40.08,,Taipei,2024.0,6.0,2024-06-01
68000000.0,2108000.0,TWD,Taiwan,25.101532133498626,121.53170574924911,304.02,,Taipei,2024.0,11.0,2024-11-01
4490000.0,139190.0,TWD,Taiwan,25.08519164880191,121.52630770949506,48.21,,Taipei,2024.0,4.0,2024-04-01
15097000.0,468007.0,TWD,Taiwan,25.033392859619855,121.49712359788477,95.08,,Taipei,2024.0,10.0,2024-10-01
10000000.0,36000.0,PKR,Pakistan,33.68797371322409,73.03943286001551,,Flat,Islamabad,2024.0,1.0,2024-01-01
6900000.0,24840.0,PKR,Pakistan,33.68289388559063,73.05185977932194,,Flat,Islamabad,2024.0,9.0,2024-09-01
16500000.0,59400.0,PKR,Pakistan,33.689181508304806,73.04621229771739,,House,Islamabad,2024.0,8.0,2024-08-01
43500000.0,156600.0,PKR,Pakistan,33.69618423885126,73.05371200395274,,House,Islamabad,2024.0,1.0,2024-01-01
7000000.0,25200.0,PKR,Pakistan,33.68212677300221,73.05178590099659,,House,Islamabad,2024.0,6.0,2024-06-01
34500000.0,124200.0,PKR,Pakistan,33.68212690434441,73.04741736869875,,House,Islamabad,2024.0,5.0,2024-05-01
27000000.0,97200.0,PKR,Pakistan,33.69663370252405,73.04122565025546,,House,Islamabad,2024.0,6.0,2024-06-01
7800000.0,28080.0,PKR,Pakistan,33.69013947783322,73.03588122220252,,Flat,Islamabad,2024.0,10.0,2024-10-01
50000000.0,180000.0,PKR,Pakistan,33.68024420491252,73.04442788038347,,House,Islamabad,2024.0,12.0,2024-12-01
40000000.0,144000.0,PKR,Pakistan,33.688340480348685,73.05485119035458,,Penthouse,Islamabad,2024.0,5.0,2024-05-01
35000000.0,126000.0,PKR,Pakistan,33.680292658457496,73.04971274995304,,Flat,Islamabad,2024.0,6.0,2024-06-01
48000000.0,172800.0,PKR,Pakistan,33.68027416197143,73.0380340897703,,Flat,Islamabad,2024.0,5.0,2024-05-01
400000000.0,1440000.0,PKR,Pakistan,33.68593569817253,73.0493854474068,,House,Islamabad,2024.0,11.0,2024-11-01
13500000.0,48600.0,PKR,Pakistan,33.668693758042735,73.05108253903784,,Flat,Islamabad,2024.0,12.0,2024-12-01
3600000.0,12960.0,PKR,Pakistan,33.67020065733989,73.04092914051039,,Flat,Islamabad,2024.0,5.0,2024-05-01
5000000.0,18000.0,PKR,Pakistan,33.67950169976607,73.04922980084757,,Flat,Islamabad,2024.0,4.0,2024-04-01
19000000.0,68400.0,PKR,Pakistan,33.67589735103732,73.04846566974757,,House,Islamabad,2024.0,3.0,2024-03-01
80000000.0,288000.0,PKR,Pakistan,33.68651397866076,73.03885623761735,,House,Islamabad,2024.0,3.0,2024-03-01
26900000.0,96840.0,PKR,Pakistan,33.67673580739583,73.05086229888279,,House,Islamabad,2024.0,4.0,2024-04-01
1750000.0,6300.0,PKR,Pakistan,33.672701570389314,73.05248627621094,,Flat,Islamabad,2024.0,9.0,2024-09-01
55000000.0,198000.0,PKR,Pakistan,33.69572519015137,73.0566644099454,,House,Islamabad,2024.0,2.0,2024-02-01
4500000.0,16200.0,PKR,Pakistan,33.682193789596106,73.05643041641628,,House,Islamabad,2024.0,9.0,2024-09-01
88500000.0,318600.0,PKR,Pakistan,33.6845402256375,73.03697864505635,,Farm House,Islamabad,2024.0,1.0,2024-01-01
47000000.0,169200.0,PKR,Pakistan,33.67260201451029,73.04049739968067,,Flat,Islamabad,2024.0,1.0,2024-01-01
4500000.0,16200.0,PKR,Pakistan,33.67964493820379,73.05212028213766,,House,Islamabad,2024.0,5.0,2024-05-01
6800000.0,24480.0,PKR,Pakistan,33.684887380717676,73.0521102876073,,House,Islamabad,2024.0,6.0,2024-06-01
20000000.0,72000.0,PKR,Pakistan,33.67479205138062,73.05212038149045,,House,Islamabad,2024.0,6.0,2024-06-01
19400000.0,69840.0,PKR,Pakistan,33.68700558414676,73.07882185192524,,Flat,Islamabad,2024.0,3.0,2024-03-01
100000000.0,360000.0,PKR,Pakistan,33.679194890480645,73.05256712408554,,House,Islamabad,2024.0,7.0,2024-07-01
8000000.0,28800.0,PKR,Pakistan,33.68166645000165,73.05708452512145,,Flat,Islamabad,2024.0,9.0,2024-09-01
6300000.0,22680.0,PKR,Pakistan,33.67918634710216,73.05563201410794,,Flat,Islamabad,2024.0,11.0,2024-11-01
220000000.0,792000.0,PKR,Pakistan,33.69881822547607,73.05321113001045,,House,Islamabad,2024.0,12.0,2024-12-01
4500000.0,16200.0,PKR,Pakistan,33.683892022202095,73.04547784604289,,House,Islamabad,2024.0,10.0,2024-10-01
12500000.0,45000.0,PKR,Pakistan,33.67553831256835,73.05407175376395,,House,Islamabad,2024.0,8.0,2024-08-01
230000000.0,828000.0,PKR,Pakistan,33.690580359296824,73.0418173982837,,House,Islamabad,2024.0,6.0,2024-06-01
110000.0,396.0,PKR,Pakistan,33.67423325080023,73.04610545114608,,House,Islamabad,2024.0,12.0,2024-12-01
600000.0,2160.0,PKR,Pakistan,33.68567090876004,73.04411709161737,,House,Islamabad,2024.0,8.0,2024-08-01
175000.0,630.0,PKR,Pakistan,33.668322639008956,73.0486549931151,,House,Islamabad,2024.0,12.0,2024-12-01
1022000.0,3679.2,PKR,Pakistan,33.67337451160881,73.06651726853339,,House,Islamabad,2024.0,5.0,2024-05-01
900000.0,3240.0,PKR,Pakistan,33.68557488988695,73.03306187845926,,House,Islamabad,2024.0,8.0,2024-08-01
200000.0,720.0,PKR,Pakistan,33.68990773263996,73.053490081523,,Lower Portion,Islamabad,2024.0,10.0,2024-10-01
265000.0,954.0,PKR,Pakistan,33.68537094624952,73.03509827303048,,House,Islamabad,2024.0,12.0,2024-12-01
220000000.0,792000.0,PKR,Pakistan,31.519074813740893,74.35522454507368,,House,Lahore,2024.0,4.0,2024-04-01
40000000.0,144000.0,PKR,Pakistan,31.517591170435285,74.36771160477574,,House,Lahore,2024.0,10.0,2024-10-01
9500000.0,34200.0,PKR,Pakistan,31.50817182407706,74.35951424015276,,House,Lahore,2024.0,8.0,2024-08-01
125000000.0,450000.0,PKR,Pakistan,31.51424124633284,74.35037804177657,,House,Lahore,2024.0,10.0,2024-10-01
21000000.0,75600.0,PKR,Pakistan,31.516314889832323,74.35327757032591,,House,Lahore,2024.0,12.0,2024-12-01
52000000.0,187200.0,PKR,Pakistan,31.52845697780975,74.36443678199147,,House,Lahore,2024.0,2.0,2024-02-01
16500000.0,59400.0,PKR,Pakistan,31.522748946316547,74.35315706694625,,House,Lahore,2024.0,12.0,2024-12-01
32500000.0,117000.0,PKR,Pakistan,31.5058956787571,74.36073166871665,,House,Lahore,2024.0,12.0,2024-12-01
31500000.0,113400.0,PKR,Pakistan,31.52259267175516,74.35936457471922,,House,Lahore,2024.0,5.0,2024-05-01
40000000.0,144000.0,PKR,Pakistan,31.51691934175667,74.35378719721915,,House,Lahore,2024.0,9.0,2024-09-01
13500000.0,48600.0,PKR,Pakistan,31.514584623997553,74.3761515527146,,House,Lahore,2024.0,4.0,2024-04-01
87500000.0,315000.0,PKR,Pakistan,31.524893410310728,74.36407135217854,,House,Lahore,2024.0,11.0,2024-11-01
16500000.0,59400.0,PKR,Pakistan,31.528247996179967,74.34279885930674,,House,Lahore,2024.0,6.0,2024-06-01
18500000.0,66600.0,PKR,Pakistan,31.52745024095293,74.36049163451816,,House,Lahore,2024.0,1.0,2024-01-01
23500000.0,84600.0,PKR,Pakistan,31.51328625981422,74.35370570828185,,House,Lahore,2024.0,9.0,2024-09-01
22500000.0,81000.0,PKR,Pakistan,31.51752630099319,74.36581946667836,,House,Lahore,2024.0,1.0,2024-01-01
50000000.0,180000.0,PKR,Pakistan,31.522650107451227,74.35265983409253,,House,Lahore,2024.0,5.0,2024-05-01
39500000.0,142200.0,PKR,Pakistan,31.52780436101698,74.35808210846825,,House,Lahore,2024.0,4.0,2024-04-01
27500000.0,99000.0,PKR,Pakistan,31.516166606097237,74.36303989823183,,House,Lahore,2024.0,12.0,2024-12-01
40000000.0,144000.0,PKR,Pakistan,31.518514728186688,74.36592604155335,,House,Lahore,2024.0,3.0,2024-03-01
45000000.0,162000.0,PKR,Pakistan,31.511149320207952,74.34939762874355,,House,Lahore,2024.0,6.0,2024-06-01
3200000.0,11520.0,PKR,Pakistan,31.510430347007354,74.35632399011327,,House,Lahore,2024.0,2.0,2024-02-01
21200000.0,76320.0,PKR,Pakistan,31.526500206579154,74.3552004375107,,House,Lahore,2024.0,3.0,2024-03-01
23000000.0,82800.0,PKR,Pakistan,31.530849920228565,74.35377336613941,,House,Lahore,2024.0,5.0,2024-05-01
21500000.0,77400.0,PKR,Pakistan,31.519423919027357,74.37312363392225,,House,Lahore,2024.0,9.0,2024-09-01
21500000.0,77400.0,PKR,Pakistan,31.528028263183135,74.36223985368768,,House,Lahore,2024.0,2.0,2024-02-01
40000000.0,144000.0,PKR,Pakistan,31.52289308820038,74.34891292836531,,House,Lahore,2024.0,10.0,2024-10-01
26000000.0,93600.0,PKR,Pakistan,31.51483904196316,74.36634289557644,,House,Lahore,2024.0,8.0,2024-08-01
21000000.0,75600.0,PKR,Pakistan,31.52289116484407,74.3759772495761,,House,Lahore,2024.0,2.0,2024-02-01
23000000.0,82800.0,PKR,Pakistan,31.532304292531727,74.3672597220844,,House,Lahore,2024.0,11.0,2024-11-01
23000000.0,82800.0,PKR,Pakistan,31.51971339168712,74.34684504027236,,House,Lahore,2024.0,5.0,2024-05-01
57500000.0,207000.0,PKR,Pakistan,31.532517149246512,74.35512612741707,,House,Lahore,2024.0,7.0,2024-07-01
620000000.0,2232000.0,PKR,Pakistan,31.499042039167282,74.3691352891935,,House,Lahore,2024.0,8.0,2024-08-01
5500000.0,19800.0,PKR,Pakistan,31.526575220035003,74.35333864427504,,House,Lahore,2024.0,1.0,2024-01-01
50000000.0,180000.0,PKR,Pakistan,31.520696376545907,74.36255055542516,,House,Lahore,2024.0,6.0,2024-06-01
12000000.0,43200.0,PKR,Pakistan,31.51760794119627,74.36519707242743,,House,Lahore,2024.0,1.0,2024-01-01
65000000.0,234000.0,PKR,Pakistan,31.520734086212283,74.35158455622737,,House,Lahore,2024.0,2.0,2024-02-01
1250000000.0,4500000.0,PKR,Pakistan,31.504099448683192,74.3585237971515,,House,Lahore,2024.0,1.0,2024-01-01
42500000.0,153000.0,PKR,Pakistan,31.5182426248973,74.33306986127944,,House,Lahore,2024.0,11.0,2024-11-01
66500000.0,239400.0,PKR,Pakistan,31.522856900572094,74.35080489886931,,House,Lahore,2024.0,5.0,2024-05-01
12000000.0,43200.0,PKR,Pakistan,31.53182315235793,74.35697945478886,,House,Lahore,2024.0,10.0,2024-10-01
40000000.0,144000.0,PKR,Pakistan,31.51585383825381,74.34901773454428,,House,Lahore,2024.0,9.0,2024-09-01
180000000.0,648000.0,PKR,Pakistan,31.513532051176853,74.37205929043145,,House,Lahore,2024.0,6.0,2024-06-01
17000000.0,61200.0,PKR,Pakistan,31.515985943651323,74.34755886897631,,House,Lahore,2024.0,11.0,2024-11-01
47500000.0,171000.0,PKR,Pakistan,31.527323216941618,74.35547964410642,,House,Lahore,2024.0,11.0,2024-11-01
17000000.0,61200.0,PKR,Pakistan,31.522630008877275,74.36004592461828,,House,Lahore,2024.0,1.0,2024-01-01
25000000.0,90000.0,PKR,Pakistan,31.515761918369865,74.37053018631252,,House,Lahore,2024.0,1.0,2024-01-01
8500000.0,30600.0,PKR,Pakistan,31.454106139464905,73.12351310279057,,House,Faisalabad,2024.0,2.0,2024-02-01
25000000.0,90000.0,PKR,Pakistan,31.450776620394784,73.14430531001724,,House,Faisalabad,2024.0,9.0,2024-09-01
6000000.0,21600.0,PKR,Pakistan,31.457749159924262,73.13508186448816,,House,Faisalabad,2024.0,3.0,2024-03-01
60000000.0,216000.0,PKR,Pakistan,31.44438357524898,73.12714793079162,,House,Faisalabad,2024.0,1.0,2024-01-01
13500000.0,48600.0,PKR,Pakistan,33.56237870282722,73.0206968277941,,House,Rawalpindi,2024.0,5.0,2024-05-01
31500000.0,113400.0,PKR,Pakistan,33.56186313477494,73.01859247756458,,House,Rawalpindi,2024.0,7.0,2024-07-01
23000000.0,82800.0,PKR,Pakistan,33.55329188041494,73.01219826498273,,House,Rawalpindi,2024.0,6.0,2024-06-01
9990000.0,35964.0,PKR,Pakistan,33.56736896221651,73.01755841667992,,House,Rawalpindi,2024.0,12.0,2024-12-01
22500000.0,81000.0,PKR,Pakistan,33.567088442177436,73.0139174912251,,House,Rawalpindi,2024.0,1.0,2024-01-01
40000000.0,144000.0,PKR,Pakistan,33.565040907653135,73.01790813876201,,House,Rawalpindi,2024.0,5.0,2024-05-01
9000000.0,32400.0,PKR,Pakistan,33.56312330293299,73.02229704539616,,House,Rawalpindi,2024.0,5.0,2024-05-01
12800000.0,46080.0,PKR,Pakistan,33.5536770340636,73.02968813452915,,House,Rawalpindi,2024.0,6.0,2024-06-01
37000000.0,133200.0,PKR,Pakistan,33.56163483741788,73.00709747600938,,House,Rawalpindi,2024.0,3.0,2024-03-01
23000000.0,82800.0,PKR,Pakistan,33.562258283867784,73.03406426699725,,House,Rawalpindi,2024.0,5.0,2024-05-01
39500000.0,142200.0,PKR,Pakistan,33.55858178184622,73.00138329760381,,House,Rawalpindi,2024.0,7.0,2024-07-01
21000000.0,75600.0,PKR,Pakistan,33.56370971430667,73.01578571923972,,House,Rawalpindi,2024.0,5.0,2024-05-01
37000000.0,133200.0,PKR,Pakistan,33.56823240685451,73.02170653765187,,House,Rawalpindi,2024.0,5.0,2024-05-01
37000000.0,133200.0,PKR,Pakistan,33.58008948720968,73.01924793494187,,House,Rawalpindi,2024.0,5.0,2024-05-01
37500000.0,135000.0,PKR,Pakistan,33.56639662250265,73.01201840384144,,House,Rawalpindi,2024.0,10.0,2024-10-01
4800000.0,17280.0,PKR,Pakistan,33.56706040312578,73.01533502199713,,Flat,Rawalpindi,2024.0,10.0,2024-10-01
35000000.0,126000.0,PKR,Pakistan,33.56440443267387,73.01305599252272,,House,Rawalpindi,2024.0,3.0,2024-03-01
25000000.0,90000.0,PKR,Pakistan,33.54964983027761,73.01228508194444,,Penthouse,Rawalpindi,2024.0,1.0,2024-01-01
7500000.0,27000.0,PKR,Pakistan,33.564787888996406,73.02379681677617,,Flat,Rawalpindi,2024.0,5.0,2024-05-01
12800000.0,46080.0,PKR,Pakistan,33.56548184167953,73.01985612388772,,House,Rawalpindi,2024.0,9.0,2024-09-01
5000000.0,18000.0,PKR,Pakistan,33.58470593689988,73.01145672323791,,House,Rawalpindi,2024.0,1.0,2024-01-01
22000000.0,79200.0,PKR,Pakistan,33.56346111228175,73.02419679900346,,House,Rawalpindi,2024.0,3.0,2024-03-01
38000000.0,136800.0,PKR,Pakistan,33.567412378738666,73.01945839616701,,House,Rawalpindi,2024.0,4.0,2024-04-01
18000000.0,64800.0,PKR,Pakistan,33.56472230584236,73.0235028969507,,House,Rawalpindi,2024.0,1.0,2024-01-01
25000000.0,90000.0,PKR,Pakistan,33.55565057569904,73.02203703073539,,House,Rawalpindi,2024.0,1.0,2024-01-01
30000000.0,108000.0,PKR,Pakistan,33.57414258251612,73.01036803991262,,House,Rawalpindi,2024.0,8.0,2024-08-01
23000000.0,82800.0,PKR,Pakistan,33.57101546426149,73.01251855167843,,House,Rawalpindi,2024.0,2.0,2024-02-01
30000000.0,108000.0,PKR,Pakistan,33.57132825557634,73.02297834884098,,House,Rawalpindi,2024.0,12.0,2024-12-01
32000000.0,115200.0,PKR,Pakistan,33.55772490036164,73.02188296212347,,House,Rawalpindi,2024.0,8.0,2024-08-01
40000000.0,144000.0,PKR,Pakistan,33.576222354487484,73.01683278724828,,House,Rawalpindi,2024.0,7.0,2024-07-01
25000000.0,90000.0,PKR,Pakistan,33.55378519149766,73.01793861906647,,House,Rawalpindi,2024.0,10.0,2024-10-01
6000000.0,21600.0,PKR,Pakistan,33.5696948567504,73.0272213191663,,House,Rawalpindi,2024.0,10.0,2024-10-01
23800000.0,85680.0,PKR,Pakistan,33.582523645006475,73.0122674288893,,House,Rawalpindi,2024.0,2.0,2024-02-01
28000000.0,100800.0,PKR,Pakistan,33.55707570939895,73.02137677904936,,House,Rawalpindi,2024.0,6.0,2024-06-01
5300000.0,19080.0,PKR,Pakistan,33.560469618163175,73.01538245878052,,House,Rawalpindi,2024.0,6.0,2024-06-01
19900000.0,71640.0,PKR,Pakistan,33.5657972109207,73.01525855037418,,House,Rawalpindi,2024.0,3.0,2024-03-01
15000000.0,54000.0,PKR,Pakistan,33.56097219476707,73.0257902148159,,House,Rawalpindi,2024.0,11.0,2024-11-01
18000000.0,64800.0,PKR,Pakistan,33.552594692551466,73.0236033307919,,House,Rawalpindi,2024.0,2.0,2024-02-01
24500000.0,88200.0,PKR,Pakistan,33.565548503798446,73.023508077088,,House,Rawalpindi,2024.0,12.0,2024-12-01
27000000.0,97200.0,PKR,Pakistan,33.55650157029019,73.02744383045723,,House,Rawalpindi,2024.0,1.0,2024-01-01
18000000.0,64800.0,PKR,Pakistan,33.56878873944508,73.01716803073306,,House,Rawalpindi,2024.0,6.0,2024-06-01
250000.0,900.0,PKR,Pakistan,31.44264460612613,73.14045562377036,,House,Faisalabad,2024.0,12.0,2024-12-01
200000.0,720.0,PKR,Pakistan,33.577399475240135,73.01451786594725,,House,Rawalpindi,2024.0,5.0,2024-05-01
125000.0,450.0,PKR,Pakistan,33.558733973661305,73.0195933308199,,House,Rawalpindi,2024.0,11.0,2024-11-01
110000.0,396.0,PKR,Pakistan,33.56242350787035,73.01595885556506,,House,Rawalpindi,2024.0,9.0,2024-09-01
450000000.0,1620000.0,PKR,Pakistan,24.86750813773896,67.00177596771995,,House,Karachi,2024.0,1.0,2024-01-01
35000000.0,126000.0,PKR,Pakistan,24.85115308546853,67.0057612562035,,House,Karachi,2024.0,7.0,2024-07-01
21000000.0,75600.0,PKR,Pakistan,24.862819679476832,66.99445423453413,,Flat,Karachi,2024.0,5.0,2024-05-01
6500000.0,23400.0,PKR,Pakistan,24.87145714203426,67.01773909820548,,House,Karachi,2024.0,5.0,2024-05-01
13000000.0,46800.0,PKR,Pakistan,24.84814013412351,66.99295186094801,,House,Karachi,2024.0,2.0,2024-02-01
32000000.0,115200.0,PKR,Pakistan,24.86247707086826,66.9912864910977,,House,Karachi,2024.0,11.0,2024-11-01
4000000.0,14400.0,PKR,Pakistan,24.86307906235399,67.01026488698801,,House,Karachi,2024.0,3.0,2024-03-01
16500000.0,59400.0,PKR,Pakistan,24.86725458297422,67.00733330155171,,Flat,Karachi,2024.0,7.0,2024-07-01
110000000.0,396000.0,PKR,Pakistan,24.851104394312976,67.00599295853642,,House,Karachi,2024.0,6.0,2024-06-01
12800000.0,46080.0,PKR,Pakistan,24.850436347095325,67.00602676407412,,House,Karachi,2024.0,12.0,2024-12-01
30000000.0,108000.0,PKR,Pakistan,24.865175532524937,67.00090202581723,,Flat,Karachi,2024.0,2.0,2024-02-01
34000000.0,122400.0,PKR,Pakistan,24.863375877385867,66.99382196502812,,Flat,Karachi,2024.0,6.0,2024-06-01
29500000.0,106200.0,PKR,Pakistan,24.863003942802766,67.00160643646555,,Flat,Karachi,2024.0,2.0,2024-02-01
30000000.0,108000.0,PKR,Pakistan,24.863771585675977,66.99558270630791,,Flat,Karachi,2024.0,2.0,2024-02-01
37500000.0,135000.0,PKR,Pakistan,24.855559802227372,67.00880095786735,,Flat,Karachi,2024.0,2.0,2024-02-01
45000000.0,162000.0,PKR,Pakistan,24.86285802957729,66.99982354094799,,Flat,Karachi,2024.0,11.0,2024-11-01
17000000.0,61200.0,PKR,Pakistan,24.86334457978639,66.99439602242566,,House,Karachi,2024.0,3.0,2024-03-01
12500000.0,45000.0,PKR,Pakistan,24.855285188655788,66.99842891326678,,Flat,Karachi,2024.0,2.0,2024-02-01
5000000.0,18000.0,PKR,Pakistan,24.875926196089157,67.00430345163421,,Flat,Karachi,2024.0,4.0,2024-04-01
4100000.0,14760.0,PKR,Pakistan,24.864790663367295,66.99649020357758,,Flat,Karachi,2024.0,9.0,2024-09-01
40000000.0,144000.0,PKR,Pakistan,24.851469572022378,66.99442223683548,,House,Karachi,2024.0,6.0,2024-06-01
28000000.0,100800.0,PKR,Pakistan,24.86625242886907,67.00294949769194,,Flat,Karachi,2024.0,1.0,2024-01-01
32500000.0,117000.0,PKR,Pakistan,24.853202546638183,67.00295973256887,,Flat,Karachi,2024.0,8.0,2024-08-01
40000000.0,144000.0,PKR,Pakistan,24.86729667682994,66.99694445459704,,Flat,Karachi,2024.0,12.0,2024-12-01
59500000.0,214200.0,PKR,Pakistan,24.87026876463206,66.99723169355507,,House,Karachi,2024.0,7.0,2024-07-01
71500000.0,257400.0,PKR,Pakistan,24.854434541453188,67.00285639949887,,House,Karachi,2024.0,10.0,2024-10-01
55000000.0,198000.0,PKR,Pakistan,24.868707009033955,66.98941532526803,,House,Karachi,2024.0,3.0,2024-03-01
59500000.0,214200.0,PKR,Pakistan,24.86430224741549,66.989740289805,,House,Karachi,2024.0,1.0,2024-01-01
68500000.0,246600.0,PKR,Pakistan,24.867576481279958,66.99525244622998,,House,Karachi,2024.0,5.0,2024-05-01
58500000.0,210600.0,PKR,Pakistan,24.876174343861233,66.99929242278631,,House,Karachi,2024.0,4.0,2024-04-01
67000000.0,241200.0,PKR,Pakistan,24.859036895071977,67.00348726052479,,House,Karachi,2024.0,10.0,2024-10-01
120000000.0,432000.0,PKR,Pakistan,24.85497011068514,67.0128028497356,,House,Karachi,2024.0,8.0,2024-08-01
58500000.0,210600.0,PKR,Pakistan,24.853883884562997,67.00786127698562,,House,Karachi,2024.0,1.0,2024-01-01
58000000.0,208800.0,PKR,Pakistan,24.854473517720276,66.9997204917603,,House,Karachi,2024.0,10.0,2024-10-01
110000000.0,396000.0,PKR,Pakistan,24.86038318632469,67.00084787033678,,House,Karachi,2024.0,1.0,2024-01-01
119000000.0,428400.0,PKR,Pakistan,24.863729215798532,66.99297976508291,,House,Karachi,2024.0,12.0,2024-12-01
115000000.0,414000.0,PKR,Pakistan,24.86321352639464,67.00085189491206,,House,Karachi,2024.0,4.0,2024-04-01
59500000.0,214200.0,PKR,Pakistan,24.86761746599229,66.99869073088864,,House,Karachi,2024.0,8.0,2024-08-01
19000000.0,68400.0,PKR,Pakistan,24.861104015135023,67.00358174848272,,House,Karachi,2024.0,5.0,2024-05-01
7550000.0,27180.0,PKR,Pakistan,24.87262827261726,66.99438215245159,,Flat,Karachi,2024.0,2.0,2024-02-01
91500000.0,329400.0,PKR,Pakistan,24.858882745334096,67.00515477211394,,House,Karachi,2024.0,6.0,2024-06-01
4500000.0,16200.0,PKR,Pakistan,24.882761353332718,67.01326191130403,,Flat,Karachi,2024.0,5.0,2024-05-01
6900000.0,24840.0,PKR,Pakistan,24.86600533878212,67.00012991881235,,Flat,Karachi,2024.0,2.0,2024-02-01
4500000.0,16200.0,PKR,Pakistan,24.85414273954867,67.00421369377679,,Flat,Karachi,2024.0,11.0,2024-11-01
